1,1,2000.0,904.5205023509623,0.01745240643728351
2,4,1500.0,78.66502682760634,0.03489949670250097
3,9,1333.3333333333333,813.8145748088181,0.052335956242943835
4,16,1250.0,366.1381076726923,0.0697564737441253
5,25,1200.0,949.9023557387221,0.08715574274765817
6,36,1166.6666666666667,223.1452721852658,0.10452846326765347
7,49,1142.857142857143,746.7906551135482,0.12186934340514748
8,64,1125.0,98.15281185866608,0.13917310096006544
9,81,1111.111111111111,860.4507064269708,0.15643446504023087
10,100,1100.0,800.0223896573269,0.17364817766693033
11,121,1090.9090909090908,509.2259309089626,0.1908089953765448
12,144,1083.3333333333333,899.7023374047832,0.20791169081775934
13,169,1076.923076923077,365.99758958137653,0.224951054343865
14,196,1071.4285714285713,362.15817546374853,0.24192189559966773
15,225,1066.6666666666667,256.8088141432694,0.25881904510252074
16,256,1062.5,985.9640211840947,0.27563735581699916
17,289,1058.8235294117646,699.4384722988132,0.29237170472273677
18,324,1055.5555555555557,404.44117067869377,0.3090169943749474
19,361,1052.6315789473683,775.8273229879426,0.3255681544571567
20,400,1050.0,600.0298110180814,0.3420201433256687
21,441,1047.6190476190477,885.8790614254397,0.35836794954530027
22,484,1045.4545454545455,914.0373858828839,0.374606593415912
23,529,1043.4782608695652,79.53779423172658,0.39073112848927377
24,576,1041.6666666666667,213.72710485937608,0.4067366430758002
25,625,1040.0,279.84521384317605,0.42261826174069944
26,676,1038.4615384615386,128.13664902240697,0.4383711467890774
27,729,1037.037037037037,147.90984049313127,0.45399049973954675
28,784,1035.7142857142858,835.1449644405903,0.4694715627858908
29,841,1034.4827586206898,163.38682685271976,0.48480962024633706
30,900,1033.3333333333335,180.67109542692538,0.49999999999999994
31,961,1032.258064516129,499.7932226118409,0.5150380749100542
32,1024,1031.25,723.4175355923388,0.5299192642332049
33,1089,1030.3030303030303,979.2195563723106,0.5446390350150271
34,1156,1029.4117647058822,198.06847223667455,0.5591929034707469
35,1225,1028.5714285714284,23.445244588330638,0.573576436351046
36,1296,1027.7777777777776,127.3594549819379,0.5877852522924731
37,1369,1027.0270270270269,896.1885311386649,0.6018150231520483
38,1444,1026.3157894736844,63.813693881449865,0.6156614753256583
39,1521,1025.6410256410256,683.3748042256148,0.6293203910498374
40,1600,1025.0,721.3254316048399,0.6427876096865393
41,1681,1024.3902439024391,406.8481136492447,0.6560590289905073
42,1764,1023.8095238095237,816.2255304904743,0.6691306063588582
43,1849,1023.2558139534884,643.1425488374621,0.6819983600624985
44,1936,1022.7272727272727,938.6878295751641,0.6946583704589973
45,2025,1022.2222222222222,786.0171410451918,0.7071067811865475
46,2116,1021.7391304347827,923.6187970242869,0.7193398003386511
47,2209,1021.2765957446808,965.3830775127245,0.7313537016191705
48,2304,1020.8333333333333,753.3830030353035,0.7431448254773942
49,2401,1020.4081632653061,903.7828424147739,0.754709580222772
50,2500,1020.0,503.65628326636056,0.766044443118978
51,2601,1019.6078431372548,80.56984715898474,0.7771459614569709
52,2704,1019.2307692307692,139.48533809670937,0.788010753606722
53,2809,1018.8679245283018,690.0731989093243,0.7986355100472928
54,2916,1018.5185185185186,394.7193251525869,0.8090169943749475
55,3025,1018.1818181818181,981.9350432497397,0.8191520442889918
56,3136,1017.8571428571428,683.1078133100846,0.8290375725550417
57,3249,1017.5438596491229,842.6155454971182,0.838670567945424
58,3364,1017.2413793103448,732.5892231895602,0.848048096156426
59,3481,1016.9491525423729,850.897667605706,0.8571673007021123
60,3600,1016.6666666666666,969.859910911313,0.8660254037844386
61,3721,1016.3934426229508,785.387761853765,0.8746197071393957
62,3844,1016.1290322580645,784.1612559116049,0.8829475928589269
63,3969,1015.8730158730158,694.6972245795653,0.8910065241883678
64,4096,1015.625,45.812191622362384,0.898794046299167
65,4225,1015.3846153846154,118.68946960344728,0.9063077870366499
66,4356,1015.1515151515151,488.34469197750207,0.9135454576426009
67,4489,1014.9253731343284,305.1263431017943,0.9205048534524404
68,4624,1014.7058823529411,385.9133077303596,0.9271838545667874
69,4761,1014.4927536231885,77.85461230055479,0.9335804264972017
70,4900,1014.2857142857142,70.34295332629858,0.9396926207859083
71,5041,1014.0845070422534,278.71132275822185,0.9455185755993167
72,5184,1013.8888888888888,517.4876087293648,0.9510565162951535
73,5329,1013.6986301369864,753.4567442869325,0.9563047559630354
74,5476,1013.5135135135135,422.7207234207023,0.9612616959383189
75,5625,1013.3333333333334,268.79112332805687,0.9659258262890683
76,5776,1013.1578947368421,587.219773297024,0.9702957262759965
77,5929,1012.9870129870129,752.8446642482604,0.9743700647852352
78,6084,1012.8205128205128,783.4494555746326,0.9781476007338056
79,6241,1012.6582278481013,51.96026068530979,0.981627183447664
80,6400,1012.5,270.8350041595731,0.984807753012208
81,6561,1012.3456790123457,434.7355369065712,0.9876883405951378
82,6724,1012.1951219512196,562.9184722539686,0.9902680687415704
83,6889,1012.0481927710842,41.71716999403863,0.992546151641322
84,7056,1011.9047619047618,971.0719986829167,0.9945218953682733
85,7225,1011.7647058823529,613.668278644029,0.9961946980917455
86,7396,1011.6279069767442,967.6744731258344,0.9975640502598242
87,7569,1011.4942528735634,309.1257805747758,0.9986295347545738
88,7744,1011.3636363636365,778.1212895034344,0.9993908270190958
89,7921,1011.2359550561798,7.182857461347281,0.9998476951563913
90,8100,1011.1111111111111,203.98547738766126,1.0
91,8281,1010.9890109890109,69.02122376078756,0.9998476951563913
92,8464,1010.8695652173914,638.708942024978,0.9993908270190958
93,8649,1010.752688172043,753.2763702223557,0.9986295347545738
94,8836,1010.6382978723404,273.0166780549771,0.9975640502598242
95,9025,1010.5263157894738,927.0989384718474,0.9961946980917455
96,9216,1010.4166666666667,546.6662702674696,0.9945218953682733
97,9409,1010.3092783505155,314.4646362221752,0.9925461516413221
98,9604,1010.204081632653,49.22935280159035,0.9902680687415704
99,9801,1010.1010101010102,240.2580476605617,0.9876883405951378
100,10000,1010.0,316.63325489745364,0.984807753012208
101,10201,1009.90099009901,65.2524885349296,0.981627183447664
102,10404,1009.8039215686274,974.7664009539795,0.9781476007338057
103,10609,1009.7087378640776,725.2646068019926,0.9743700647852352
104,10816,1009.6153846153845,992.5237237352316,0.9702957262759965
105,11025,1009.5238095238095,946.9809145457336,0.9659258262890683
106,11236,1009.4339622641511,166.72028305448617,0.9612616959383189
107,11449,1009.3457943925232,243.81176778015222,0.9563047559630355
108,11664,1009.2592592592594,208.21195869963415,0.9510565162951536
109,11881,1009.1743119266055,415.42258605073044,0.9455185755993168
110,12100,1009.090909090909,96.65060562539374,0.9396926207859084
111,12321,1009.0090090090089,680.4070671051036,0.9335804264972017
112,12544,1008.9285714285714,65.3270653580359,0.9271838545667874
113,12769,1008.8495575221239,747.2389746156257,0.9205048534524403
114,12996,1008.7719298245614,528.0153266819001,0.9135454576426009
115,13225,1008.695652173913,165.6540110688962,0.90630778703665
116,13456,1008.6206896551723,927.8705877252888,0.8987940462991669
117,13689,1008.5470085470085,135.84250339866944,0.8910065241883679
118,13924,1008.4745762711864,644.7048702781267,0.8829475928589269
119,14161,1008.4033613445378,883.2863009098309,0.8746197071393959
120,14400,1008.3333333333333,86.28813375312039,0.8660254037844387
121,14641,1008.2644628099173,264.54480358133145,0.8571673007021123
122,14884,1008.1967213114754,723.4942193750735,0.8480480961564261
123,15129,1008.1300813008129,305.7471902876454,0.8386705679454239
124,15376,1008.0645161290322,564.1675863167217,0.8290375725550417
125,15625,1008.0,770.0196347857272,0.8191520442889917
126,15876,1007.936507936508,382.3287148074992,0.8090169943749475
127,16129,1007.8740157480315,683.5350158467978,0.7986355100472927
128,16384,1007.8125,339.45315086714925,0.788010753606722
129,16641,1007.7519379844962,500.84974159819905,0.777145961456971
130,16900,1007.6923076923076,523.5728190526685,0.766044443118978
131,17161,1007.6335877862595,860.0368137881732,0.7547095802227721
132,17424,1007.5757575757576,177.3958556966191,0.7431448254773942
133,17689,1007.5187969924813,999.4978145643435,0.7313537016191706
134,17956,1007.462686567164,960.4485112479654,0.7193398003386511
135,18225,1007.4074074074073,919.0041910736176,0.7071067811865476
136,18496,1007.3529411764706,765.7770829384319,0.6946583704589971
137,18769,1007.2992700729928,864.9976456607585,0.6819983600624986
138,19044,1007.2463768115942,373.89167184307945,0.6691306063588583
139,19321,1007.1942446043165,348.30218511666243,0.6560590289905073
140,19600,1007.1428571428571,494.19518084073775,0.6427876096865395
141,19881,1007.0921985815602,663.0422383491601,0.6293203910498374
142,20164,1007.0422535211268,782.3080920769586,0.6156614753256584
143,20449,1006.993006993007,910.400568682834,0.6018150231520482
144,20736,1006.9444444444445,451.12456116824717,0.5877852522924732
145,21025,1006.8965517241379,224.52743992128455,0.5735764363510459
146,21316,1006.8493150684932,665.2394075116555,0.5591929034707469
147,21609,1006.8027210884354,434.0230743556768,0.5446390350150273
148,21904,1006.7567567567568,55.51284919899213,0.5299192642332049
149,22201,1006.7114093959733,670.5381812947642,0.5150380749100544
150,22500,1006.6666666666666,362.68116677942055,0.49999999999999994
151,22801,1006.6225165562914,25.204826305884943,0.48480962024633717
152,23104,1006.578947368421,935.5850043496562,0.4694715627858907
153,23409,1006.5359477124183,361.2128525887317,0.45399049973954686
154,23716,1006.4935064935065,959.9875033100154,0.4383711467890773
155,24025,1006.4516129032257,778.9770497654943,0.4226182617406995
156,24336,1006.4102564102564,708.5266906183347,0.40673664307580043
157,24649,1006.3694267515923,277.16002541163067,0.39073112848927377
158,24964,1006.3291139240507,587.0132425449772,0.37460659341591224
159,25281,1006.2893081761006,413.3970616317139,0.3583679495453002
160,25600,1006.2500000000001,886.4791563656546,0.3420201433256689
161,25921,1006.2111801242235,414.3732443960526,0.3255681544571566
162,26244,1006.1728395061729,598.4781295208993,0.3090169943749475
163,26569,1006.1349693251533,394.4816698179628,0.2923717047227366
164,26896,1006.0975609756098,126.99818480271018,0.2756373558169992
165,27225,1006.0606060606061,838.8123446314423,0.258819045102521
166,27556,1006.0240963855423,533.7181931197199,0.24192189559966773
167,27889,1005.9880239520958,566.4114667154748,0.2249510543438652
168,28224,1005.952380952381,73.38876390787009,0.20791169081775931
169,28561,1005.9171597633136,584.9690099205559,0.19080899537654497
170,28900,1005.8823529411765,668.4419697254201,0.17364817766693028
171,29241,1005.8479532163742,316.7946855595547,0.15643446504023098
172,29584,1005.8139534883721,124.3953054338286,0.13917310096006533
173,29929,1005.7803468208093,351.0605463274982,0.12186934340514755
174,30276,1005.7471264367816,238.78964918426027,0.10452846326765373
175,30625,1005.7142857142858,722.5860831418396,0.0871557427476582
176,30976,1005.6818181818181,644.4919133132103,0.06975647374412552
177,31329,1005.6497175141244,398.89242684629465,0.05233595624294381
178,31684,1005.6179775280898,197.1430032064515,0.03489949670250114
179,32041,1005.586592178771,862.5684573470094,0.01745240643728344
180,32400,1005.5555555555555,796.9327614638726,1.2246467991473532e-16
181,32761,1005.5248618784532,589.641171327606,-0.017452406437283637
182,33124,1005.4945054945055,40.451581492494725,-0.0348994967025009
183,33489,1005.4644808743169,773.5818200330077,-0.052335956242943564
184,33856,1005.4347826086955,350.06579381010437,-0.06975647374412527
185,34225,1005.4054054054053,86.46530546315489,-0.08715574274765794
186,34596,1005.3763440860215,495.1845848536022,-0.1045284632676535
187,34969,1005.3475935828877,26.019735183518968,-0.12186934340514731
188,35344,1005.3191489361701,840.0390268910639,-0.13917310096006552
189,35721,1005.2910052910054,904.881349335257,-0.15643446504023073
190,36100,1005.2631578947369,419.550652623709,-0.17364817766693047
191,36481,1005.2356020942408,253.83237604814002,-0.19080899537654472
192,36864,1005.2083333333333,994.4815597462323,-0.2079116908177595
193,37249,1005.1813471502591,149.88745521539127,-0.22495105434386498
194,37636,1005.1546391752577,25.43941921028847,-0.2419218955996675
195,38025,1005.1282051282051,564.1923410262486,-0.2588190451025208
196,38416,1005.1020408163265,616.7103001729455,-0.275637355816999
197,38809,1005.0761421319796,899.2117606897975,-0.29237170472273677
198,39204,1005.050505050505,943.7053252290973,-0.3090169943749473
199,39601,1005.0251256281406,86.58438398322465,-0.32556815445715676
200,40000,1004.9999999999999,723.2317827252912,-0.34202014332566866
201,40401,1004.9751243781095,96.61584997204653,-0.35836794954530043
202,40804,1004.950495049505,106.56474449836139,-0.374606593415912
203,41209,1004.9261083743843,403.8499689523858,-0.39073112848927355
204,41616,1004.9019607843137,440.8797186154392,-0.4067366430758002
205,42025,1004.8780487804878,288.4609571771003,-0.4226182617406993
206,42436,1004.8543689320388,743.2850133011323,-0.43837114678907746
207,42849,1004.8309178743962,874.0641349127177,-0.4539904997395467
208,43264,1004.8076923076923,195.63036866212192,-0.46947156278589086
209,43681,1004.7846889952152,8.394285703493987,-0.48480962024633695
210,44100,1004.7619047619047,153.82032661129264,-0.5000000000000001
211,44521,1004.739336492891,743.522108228153,-0.5150380749100542
212,44944,1004.7169811320755,884.6413690445421,-0.5299192642332048
213,45369,1004.6948356807512,832.8127982682422,-0.5446390350150271
214,45796,1004.6728971962617,259.95043115807084,-0.5591929034707467
215,46225,1004.6511627906978,607.5057426766163,-0.5735764363510462
216,46656,1004.6296296296296,716.794007555405,-0.587785252292473
217,47089,1004.6082949308757,491.29644593802925,-0.6018150231520484
218,47524,1004.5871559633028,363.33411622113465,-0.6156614753256582
219,47961,1004.566210045662,154.93364001780662,-0.6293203910498376
220,48400,1004.5454545454546,269.3356289280736,-0.6427876096865393
221,48841,1004.5248868778281,141.41756108260816,-0.656059028990507
222,49284,1004.5045045045044,241.72117979430973,-0.6691306063588582
223,49729,1004.4843049327354,191.5090498274201,-0.6819983600624984
224,50176,1004.4642857142858,216.08672091043823,-0.6946583704589974
225,50625,1004.4444444444445,388.0254927552562,-0.7071067811865475
226,51076,1004.4247787610618,629.3975924950055,-0.7193398003386512
227,51529,1004.4052863436124,392.6933968405204,-0.7313537016191705
228,51984,1004.3859649122807,339.55643098017873,-0.7431448254773944
229,52441,1004.3668122270741,909.6708762122003,-0.754709580222772
230,52900,1004.3478260869565,91.84968451456731,-0.7660444431189779
231,53361,1004.3290043290043,939.1114848336646,-0.7771459614569706
232,53824,1004.3103448275863,472.37631706963725,-0.7880107536067221
233,54289,1004.2918454935623,902.3491951783751,-0.7986355100472928
234,54756,1004.2735042735043,873.4206454511705,-0.8090169943749473
235,55225,1004.2553191489361,340.2244622339664,-0.8191520442889916
236,55696,1004.2372881355932,270.2630911747498,-0.8290375725550418
237,56169,1004.2194092827003,479.21724576252336,-0.838670567945424
238,56644,1004.2016806722689,209.0980504966059,-0.848048096156426
239,57121,1004.18410041841,34.188245891172976,-0.8571673007021121
240,57600,1004.1666666666666,798.7134193544708,-0.8660254037844384
241,58081,1004.149377593361,149.81171419700289,-0.874619707139396
242,58564,1004.1322314049588,541.8514107263628,-0.882947592858927
243,59049,1004.1152263374487,682.774975880176,-0.8910065241883678
244,59536,1004.0983606557377,47.083638685136876,-0.8987940462991668
245,60025,1004.0816326530613,296.61882460892133,-0.90630778703665
246,60516,1004.0650406504066,288.2401964244243,-0.913545457642601
247,61009,1004.0485829959514,442.12496890919596,-0.9205048534524403
248,61504,1004.0322580645162,683.3965173419105,-0.9271838545667873
249,62001,1004.0160642570281,88.31103921967242,-0.9335804264972016
250,62500,1004.0,590.2415299830743,-0.9396926207859084
251,63001,1003.98406374502,535.3808069893618,-0.9455185755993168
252,63504,1003.968253968254,536.4612594481298,-0.9510565162951535
253,64009,1003.9525691699605,657.0887382550352,-0.9563047559630353
254,64516,1003.9370078740158,123.13134946100013,-0.961261695938319
255,65025,1003.9215686274509,250.48457920324074,-0.9659258262890683
256,65536,1003.90625,66.69050246470366,-0.9702957262759965
257,66049,1003.8910505836576,352.93089182620474,-0.9743700647852351
258,66564,1003.8759689922481,735.5935226440027,-0.9781476007338056
259,67081,1003.8610038610038,718.6008192009988,-0.981627183447664
260,67600,1003.8461538461538,207.51861297869934,-0.984807753012208
261,68121,1003.8314176245211,924.484962739807,-0.9876883405951377
262,68644,1003.8167938931297,840.4647704925397,-0.9902680687415703
263,69169,1003.8022813688212,967.1988008686293,-0.9925461516413221
264,69696,1003.7878787878789,339.7121042069935,-0.9945218953682734
265,70225,1003.7735849056604,751.230462144879,-0.9961946980917455
266,70756,1003.7593984962405,794.5728639898359,-0.9975640502598242
267,71289,1003.7453183520599,257.99861567303253,-0.9986295347545738
268,71824,1003.7313432835822,924.7524195583777,-0.9993908270190958
269,72361,1003.717472118959,714.4447416956017,-0.9998476951563913
270,72900,1003.7037037037038,638.0856465991061,-1.0
271,73441,1003.6900369003689,481.28366572696103,-0.9998476951563913
272,73984,1003.6764705882352,97.79147020549917,-0.9993908270190958
273,74529,1003.6630036630037,597.4397499318195,-0.9986295347545738
274,75076,1003.6496350364963,442.8406596102253,-0.9975640502598243
275,75625,1003.6363636363636,68.24636447915577,-0.9961946980917455
276,76176,1003.6231884057971,541.8433676133226,-0.9945218953682734
277,76729,1003.6101083032491,782.8845115506667,-0.992546151641322
278,77284,1003.5971223021583,865.4712981690506,-0.9902680687415704
279,77841,1003.5842293906809,811.9135006079447,-0.9876883405951378
280,78400,1003.5714285714286,809.6998625293947,-0.9848077530122081
281,78961,1003.5587188612101,291.10068374863505,-0.9816271834476639
282,79524,1003.5460992907801,252.12059401082965,-0.9781476007338056
283,80089,1003.5335689045937,419.930101496367,-0.9743700647852352
284,80656,1003.5211267605634,947.9420403005723,-0.9702957262759966
285,81225,1003.5087719298245,949.3563122686911,-0.9659258262890684
286,81796,1003.4965034965036,634.4133572881403,-0.9612616959383188
287,82369,1003.4843205574913,85.27663994987556,-0.9563047559630354
288,82944,1003.4722222222223,779.5114863813334,-0.9510565162951536
289,83521,1003.4602076124568,54.10865254446817,-0.945518575599317
290,84100,1003.4482758620688,197.87048305177512,-0.9396926207859083
291,84681,1003.4364261168384,969.6269416861411,-0.9335804264972017
292,85264,1003.4246575342465,361.0553628340948,-0.9271838545667874
293,85849,1003.4129692832765,770.0567203380934,-0.9205048534524405
294,86436,1003.4013605442176,272.31678455217144,-0.9135454576426011
295,87025,1003.3898305084746,515.5864603517817,-0.9063077870366499
296,87616,1003.3783783783783,889.2593447727875,-0.898794046299167
297,88209,1003.3670033670035,986.5221479481212,-0.891006524188368
298,88804,1003.3557046979867,626.1082304542351,-0.8829475928589271
299,89401,1003.3444816053511,874.8520288634497,-0.8746197071393956
300,90000,1003.3333333333334,884.3512934970017,-0.8660254037844386
301,90601,1003.3222591362126,106.74379889469965,-0.8571673007021123
302,91204,1003.3112582781456,40.99711043498311,-0.8480480961564262
303,91809,1003.3003300330032,160.02061128502987,-0.8386705679454243
304,92416,1003.2894736842106,177.1415507000712,-0.8290375725550416
305,93025,1003.2786885245902,752.9551568976035,-0.8191520442889918
306,93636,1003.2679738562091,472.2520737280029,-0.8090169943749476
307,94249,1003.257328990228,433.81566091192406,-0.798635510047293
308,94864,1003.2467532467533,307.57718432095237,-0.7880107536067218
309,95481,1003.2362459546927,25.240759628107902,-0.7771459614569708
310,96100,1003.2258064516128,737.4920815515762,-0.7660444431189781
311,96721,1003.2154340836013,558.567852946229,-0.7547095802227722
312,97344,1003.2051282051282,855.0639312986798,-0.7431448254773946
313,97969,1003.1948881789136,176.6373641202944,-0.7313537016191703
314,98596,1003.1847133757963,149.73234032893257,-0.7193398003386512
315,99225,1003.1746031746031,619.283144014062,-0.7071067811865477
316,99856,1003.1645569620254,533.98088569968,-0.6946583704589976
317,100489,1003.1545741324921,248.1848826436842,-0.6819983600624983
318,101124,1003.1446540880504,333.69676461879874,-0.6691306063588581
319,101761,1003.1347962382445,166.0399446788736,-0.6560590289905074
320,102400,1003.125,271.17904662560164,-0.6427876096865396
321,103041,1003.1152647975077,787.1922871919926,-0.6293203910498378
322,103684,1003.1055900621118,176.09417126627548,-0.6156614753256582
323,104329,1003.0959752321982,17.09219502222148,-0.6018150231520483
324,104976,1003.0864197530865,258.8319492103905,-0.5877852522924734
325,105625,1003.076923076923,819.0322385451301,-0.5735764363510465
326,106276,1003.0674846625767,455.46628107173905,-0.5591929034707466
327,106929,1003.0581039755351,842.5319726510589,-0.544639035015027
328,107584,1003.0487804878047,660.4710294466928,-0.529919264233205
329,108241,1003.0395136778117,481.05602174414685,-0.5150380749100545
330,108900,1003.0303030303029,170.4663332998857,-0.5000000000000004
331,109561,1003.0211480362539,110.60537876175103,-0.4848096202463369
332,110224,1003.0120481927711,302.1971492719171,-0.4694715627858908
333,110889,1003.0030030030031,105.00085274270631,-0.45399049973954697
334,111556,1002.9940119760479,297.85339146646714,-0.4383711467890778
335,112225,1002.9850746268656,783.7673781212882,-0.4226182617406992
336,112896,1002.9761904761905,72.64599566981511,-0.40673664307580015
337,113569,1002.9673590504451,843.9095837334811,-0.3907311284892739
338,114244,1002.9585798816568,434.8412994424689,-0.37460659341591235
339,114921,1002.9498525073745,149.74138083320955,-0.35836794954530077
340,115600,1002.9411764705882,526.0975409062621,-0.3420201433256686
341,116281,1002.932551319648,896.4786065792141,-0.3255681544571567
342,116964,1002.9239766081872,354.0516158322381,-0.3090169943749476
343,117649,1002.9154518950438,891.1512113320994,-0.29237170472273716
344,118336,1002.9069767441861,465.74232435678243,-0.27563735581699894
345,119025,1002.8985507246377,445.92412367244395,-0.2588190451025207
346,119716,1002.8901734104045,399.041946377125,-0.24192189559966787
347,120409,1002.8818443804035,11.877388625353369,-0.22495105434386534
348,121104,1002.8735632183907,683.553325092343,-0.20791169081775987
349,121801,1002.8653295128939,564.816833597899,-0.19080899537654467
350,122500,1002.8571428571429,687.7845964464408,-0.1736481776669304
351,123201,1002.8490028490029,836.2789667088721,-0.15643446504023112
352,123904,1002.8409090909091,177.82211787938363,-0.13917310096006588
353,124609,1002.8328611898016,431.9832917323615,-0.12186934340514723
354,125316,1002.8248587570621,398.72623733939895,-0.10452846326765342
355,126025,1002.8169014084507,611.0111081208073,-0.08715574274765832
356,126736,1002.808988764045,442.2370643551126,-0.06975647374412564
357,127449,1002.8011204481793,784.6204086582521,-0.05233595624294437
358,128164,1002.7932960893855,172.81835799119528,-0.034899496702500823
359,128881,1002.7855153203342,63.990873010036694,-0.01745240643728356
360,129600,1002.7777777777777,660.6061492861927,-2.4492935982947064e-16
361,130321,1002.770083102493,491.97702093565186,0.01745240643728307
362,131044,1002.7624309392264,253.15939840773473,0.03489949670250122
363,131769,1002.754820936639,70.39809603407731,0.05233595624294388
364,132496,1002.7472527472528,729.1741404665839,0.06975647374412515
365,133225,1002.7397260273974,186.41709030843,0.08715574274765783
366,133956,1002.7322404371583,623.6170986662642,0.10452846326765293
367,134689,1002.7247956403269,533.9481180880632,0.12186934340514763
368,135424,1002.7173913043479,215.46478782726174,0.13917310096006538
369,136161,1002.710027100271,697.3886747279773,0.15643446504023062
370,136900,1002.7027027027027,105.79736719339216,0.17364817766692991
371,137641,1002.6954177897574,945.0986494228767,0.19080899537654505
372,138384,1002.6881720430107,569.3281713581046,0.20791169081775937
373,139129,1002.6809651474531,412.1076161177898,0.22495105434386484
374,139876,1002.6737967914438,98.68555352177755,0.24192189559966737
375,140625,1002.6666666666666,648.7720666510874,0.25881904510252024
376,141376,1002.6595744680851,717.1555748713869,0.27563735581699933
377,142129,1002.6525198938991,392.57751573301226,0.29237170472273666
378,142884,1002.6455026455026,368.54317089850286,0.3090169943749472
379,143641,1002.6385224274405,121.89359356973472,0.32556815445715626
380,144400,1002.6315789473683,26.933659950640898,0.34202014332566893
381,145161,1002.6246719160106,525.3678406760756,0.3583679495453003
382,145924,1002.6178010471205,404.9906130926951,0.3746065934159119
383,146689,1002.6109660574411,848.7325735320261,0.39073112848927344
384,147456,1002.6041666666667,458.152887703929,0.4067366430758005
385,148225,1002.5974025974025,619.0486193279128,0.42261826174069955
386,148996,1002.5906735751296,829.8526479305597,0.43837114678907735
387,149769,1002.5839793281655,112.48984400916184,0.4539904997395466
388,150544,1002.5773195876288,887.3636455984101,0.46947156278589036
389,151321,1002.5706940874035,697.9232300029837,0.4848096202463372
390,152100,1002.5641025641025,824.3999346925609,0.5
391,152881,1002.5575447570332,907.7919240717107,0.515038074910054
392,153664,1002.5510204081634,452.05390656730106,0.5299192642332047
393,154449,1002.5445292620865,716.5422828230859,0.5446390350150273
394,155236,1002.5380710659899,580.2626182042931,0.5591929034707469
395,156025,1002.5316455696203,508.4008624735121,0.573576436351046
396,156816,1002.5252525252527,92.23741834411481,0.5877852522924729
397,157609,1002.5188916876575,450.3979686491586,0.6018150231520479
398,158404,1002.5125628140703,136.2324208960717,0.6156614753256584
399,159201,1002.5062656641603,132.15511990856854,0.6293203910498375
400,160000,1002.5,298.7970463612132,0.6427876096865391
401,160801,1002.4937655860349,336.960357208993,0.656059028990507
402,161604,1002.4875621890548,452.5086236069706,0.6691306063588585
403,162409,1002.4813895781637,229.14034383573488,0.6819983600624986
404,163216,1002.4752475247525,573.7397485851536,0.6946583704589973
405,164025,1002.469135802469,7.791382279158987,0.7071067811865474
406,164836,1002.4630541871921,689.4797491924339,0.7193398003386509
407,165649,1002.4570024570025,851.6663188251584,0.7313537016191707
408,166464,1002.4509803921569,117.58002530498857,0.7431448254773942
409,167281,1002.4449877750612,420.37702551616405,0.7547095802227719
410,168100,1002.439024390244,686.0781696865754,0.7660444431189778
411,168921,1002.433090024331,402.0244011063855,0.7771459614569711
412,169744,1002.4271844660195,945.1659849572657,0.788010753606722
413,170569,1002.4213075060533,919.8901746115258,0.7986355100472928
414,171396,1002.4154589371981,715.8502953687072,0.8090169943749472
415,172225,1002.4096385542169,57.334496260605384,0.8191520442889915
416,173056,1002.4038461538463,101.85886101541996,0.8290375725550418
417,173889,1002.3980815347721,395.3104142472157,0.838670567945424
418,174724,1002.3923444976077,483.8668410275323,0.8480480961564258
419,175561,1002.3866348448687,849.5324562554971,0.8571673007021121
420,176400,1002.3809523809524,824.6425921620273,0.8660254037844388
421,177241,1002.375296912114,183.05784650132028,0.8746197071393959
422,178084,1002.3696682464456,750.1551868129148,0.8829475928589269
423,178929,1002.3640661938533,933.3827984603455,0.8910065241883677
424,179776,1002.3584905660376,54.665740710777456,0.8987940462991668
425,180625,1002.3529411764707,583.0181833185359,0.90630778703665
426,181476,1002.3474178403756,146.73712143489058,0.9135454576426009
427,182329,1002.3419203747072,846.2200834003961,0.9205048534524403
428,183184,1002.3364485981308,628.4255081596133,0.9271838545667872
429,184041,1002.3310023310023,20.34144279935701,0.9335804264972019
430,184900,1002.3255813953489,664.9402265374829,0.9396926207859084
431,185761,1002.3201856148492,606.2404821215251,0.9455185755993167
432,186624,1002.3148148148149,914.4257293008354,0.9510565162951535
433,187489,1002.309468822171,595.3606189702525,0.9563047559630353
434,188356,1002.3041474654377,690.7507293197615,0.9612616959383189
435,189225,1002.2988505747126,196.4100709287261,0.9659258262890683
436,190096,1002.2935779816513,746.5602422989765,0.9702957262759965
437,190969,1002.2883295194509,882.1689399405427,0.9743700647852351
438,191844,1002.2831050228311,862.4309527621771,0.9781476007338057
439,192721,1002.2779043280183,532.2394037978013,0.981627183447664
440,193600,1002.2727272727273,603.9117249174632,0.984807753012208
441,194481,1002.2675736961451,996.4159574465477,0.9876883405951377
442,195364,1002.262443438914,137.69406258439432,0.9902680687415703
443,196249,1002.2573363431151,874.0905465247013,0.9925461516413221
444,197136,1002.2522522522523,576.0502121032399,0.9945218953682733
445,198025,1002.247191011236,287.78311325792225,0.9961946980917455
446,198916,1002.2421524663677,658.3254432672246,0.9975640502598242
447,199809,1002.2371364653244,644.4394856182779,0.9986295347545739
448,200704,1002.2321428571428,487.92254572783236,0.9993908270190958
449,201601,1002.2271714922049,895.7129791505807,0.9998476951563913
450,202500,1002.2222222222222,414.8012806371602,1.0
451,203401,1002.2172949002218,741.3936681770091,0.9998476951563913
452,204304,1002.212389380531,515.192079305415,0.9993908270190958
453,205209,1002.2075055187638,26.14423509402597,0.9986295347545738
454,206116,1002.2026431718061,97.33309745324948,0.9975640502598243
455,207025,1002.1978021978022,786.8704892913107,0.9961946980917455
456,207936,1002.1929824561404,199.94355570058676,0.9945218953682733
457,208849,1002.1881838074398,471.19092022990395,0.992546151641322
458,209764,1002.1834061135371,255.97943599854767,0.9902680687415704
459,210681,1002.1786492374727,804.5998089104853,0.9876883405951377
460,211600,1002.1739130434784,907.0102173386696,0.9848077530122081
461,212521,1002.1691973969631,655.0372971757604,0.9816271834476639
462,213444,1002.1645021645022,64.19524730920101,0.9781476007338058
463,214369,1002.1598272138228,759.2152126244898,0.9743700647852352
464,215296,1002.1551724137931,880.1445910687647,0.9702957262759964
465,216225,1002.1505376344087,475.98268932640366,0.9659258262890684
466,217156,1002.145922746781,956.6911743898384,0.9612616959383189
467,218089,1002.1413276231264,465.15774649479414,0.9563047559630358
468,219024,1002.1367521367521,842.2488752033637,0.9510565162951536
469,219961,1002.1321961620469,658.8036047762305,0.9455185755993167
470,220900,1002.1276595744681,622.1542971187953,0.9396926207859086
471,221841,1002.1231422505308,856.9745258247311,0.9335804264972017
472,222784,1002.1186440677967,73.06558290644283,0.9271838545667872
473,223729,1002.1141649048626,816.2107287284191,0.9205048534524405
474,224676,1002.1097046413503,372.7268917570905,0.9135454576426008
475,225625,1002.1052631578948,481.1378695385684,0.9063077870366503
476,226576,1002.1008403361344,755.6434507717609,0.898794046299167
477,227529,1002.0964360587002,950.5499002131538,0.8910065241883676
478,228484,1002.092050209205,677.8876483384337,0.8829475928589272
479,229441,1002.0876826722338,765.7858631737175,0.8746197071393957
480,230400,1002.0833333333335,234.03252551824093,0.8660254037844392
481,231361,1002.0790020790021,141.27565076529115,0.8571673007021124
482,232324,1002.0746887966804,437.53290486931604,0.8480480961564257
483,233289,1002.0703933747412,630.1735672644776,0.8386705679454244
484,234256,1002.0661157024792,406.80855455122844,0.8290375725550416
485,235225,1002.0618556701031,277.0178242219631,0.8191520442889924
486,236196,1002.0576131687242,776.9193506746552,0.8090169943749477
487,237169,1002.053388090349,101.0161463984316,0.7986355100472926
488,238144,1002.0491803278688,458.57149943533517,0.7880107536067225
489,239121,1002.0449897750511,259.39223840013904,0.7771459614569709
490,240100,1002.0408163265306,984.5606029137697,0.7660444431189776
491,241081,1002.0366598778003,896.0968080195048,0.7547095802227722
492,242064,1002.0325203252032,100.24395677490006,0.743144825477394
493,243049,1002.028397565923,886.2286184086495,0.731353701619171
494,244036,1002.0242914979758,115.76818732395455,0.7193398003386512
495,245025,1002.0202020202021,943.6523203913707,0.7071067811865471
496,246016,1002.016129032258,187.92435705336553,0.6946583704589977
497,247009,1002.0120724346076,830.1440729528455,0.6819983600624984
498,248004,1002.0080321285141,856.1105619215757,0.6691306063588589
499,249001,1002.004008016032,946.125201013589,0.6560590289905075
500,250000,1002.0,369.0173312863653,0.642787609686539
501,251001,1001.996007984032,316.42227740357686,0.629320391049838
502,252004,1001.99203187251,216.76595796387775,0.6156614753256583
503,253009,1001.9880715705765,16.737090381854557,0.6018150231520492
504,254016,1001.984126984127,382.86777474852397,0.5877852522924734
505,255025,1001.980198019802,0.9573205814946695,0.5735764363510458
506,256036,1001.9762845849802,908.4561511709654,0.5591929034707475
507,257049,1001.9723865877712,509.8999282624509,0.5446390350150271
508,258064,1001.9685039370079,86.90671625947822,0.5299192642332045
509,259081,1001.9646365422396,915.5841777890731,0.5150380749100546
510,260100,1001.9607843137255,734.1024796555691,0.4999999999999998
511,261121,1001.9569471624266,701.829703857194,0.4848096202463378
512,262144,1001.953125,761.0641541341679,0.4694715627858909
513,263169,1001.9493177387915,202.26028616088166,0.4539904997395463
514,264196,1001.9455252918287,770.9068970498163,0.4383711467890779
515,265225,1001.9417475728156,676.9913225862146,0.42261826174069933
516,266256,1001.937984496124,134.0863032994467,0.4067366430758011
517,267289,1001.9342359767891,411.6009016001101,0.390731128489274
518,268324,1001.930501930502,890.7126383914235,0.3746065934159116
519,269361,1001.9267822736031,210.08716682783978,0.3583679495453009
520,270400,1001.9230769230769,329.21335537295994,0.3420201433256687
521,271441,1001.9193857965452,544.7479685711523,0.325568154457156
522,272484,1001.9157088122605,315.61421519442746,0.3090169943749478
523,273529,1001.9120458891014,104.93450746621913,0.2923717047227364
524,274576,1001.908396946565,96.27913198142912,0.2756373558169999
525,275625,1001.9047619047618,835.6783954052758,0.2588190451025208
526,276676,1001.9011406844107,308.5344858730936,0.24192189559966712
527,277729,1001.8975332068312,508.071326493557,0.22495105434386545
528,278784,1001.8939393939395,193.2053167498794,0.20791169081775912
529,279841,1001.890359168242,107.17105016813444,0.19080899537654564
530,280900,1001.8867924528303,216.92694055448302,0.1736481776669305
531,281961,1001.8832391713748,532.7077518269865,0.15643446504023034
532,283024,1001.8796992481202,720.1668606770122,0.139173100960066
533,284089,1001.87617260788,162.40107925070657,0.12186934340514735
534,285156,1001.8726591760299,798.8326653092713,0.10452846326765443
535,286225,1001.8691588785047,461.9283385391886,0.08715574274765844
536,287296,1001.8656716417911,421.3638076107198,0.06975647374412487
537,288369,1001.8621973929236,282.37177603897925,0.052335956242944494
538,289444,1001.8587360594795,179.186377879606,0.03489949670250094
539,290521,1001.8552875695732,725.9905138898965,0.017452406437282793
540,291600,1001.8518518518517,118.57671382133927,3.6739403974420594e-16
541,292681,1001.8484288354898,222.89612919736314,-0.017452406437283834
542,293764,1001.8450184501846,641.5782748219923,-0.034899496702500206
543,294849,1001.8416206261511,142.15430225205438,-0.05233595624294376
544,295936,1001.8382352941178,543.0799899853141,-0.06975647374412591
545,297025,1001.834862385321,283.34771815076596,-0.08715574274765771
546,298116,1001.8315018315018,412.2844153965903,-0.10452846326765369
547,299209,1001.8281535648994,903.9152464818844,-0.12186934340514662
548,300304,1001.8248175182482,294.8196633375686,-0.13917310096006527
549,301401,1001.8214936247722,942.0517294954539,-0.15643446504023137
550,302500,1001.8181818181818,4.990354012553544,-0.17364817766692978
551,303601,1001.8148820326678,281.18662790094606,-0.19080899537654492
552,304704,1001.8115942028985,724.9052307995266,-0.2079116908177584
553,305809,1001.8083182640145,397.42125150408935,-0.22495105434386473
554,306916,1001.8050541516245,893.8167706512637,-0.24192189559966812
555,308025,1001.8018018018017,742.8408786587997,-0.25881904510252013
556,309136,1001.7985611510791,563.1065703218936,-0.2756373558169992
557,310249,1001.7953321364453,876.3421965288588,-0.2923717047227374
558,311364,1001.7921146953406,584.8068370244845,-0.30901699437494706
559,312481,1001.7889087656529,749.6772486327809,-0.325568154457157
560,313600,1001.7857142857143,182.91473354180533,-0.342020143325668
561,314721,1001.7825311942959,647.0541399662258,-0.3583679495453002
562,315844,1001.779359430605,151.04553844509226,-0.37460659341591257
563,316969,1001.7761989342806,518.7794402336618,-0.3907311284892733
564,318096,1001.7730496453901,449.0578748104816,-0.4067366430758004
565,319225,1001.7699115044247,238.49750999144536,-0.42261826174069866
566,320356,1001.7667844522969,809.4502571517803,-0.43837114678907724
567,321489,1001.7636684303351,819.4998537111801,-0.45399049973954725
568,322624,1001.7605633802817,551.5846205666746,-0.46947156278589025
569,323761,1001.7574692442884,220.87994276520794,-0.4848096202463371
570,324900,1001.7543859649123,152.2336850274788,-0.49999999999999917
571,326041,1001.7513134851139,958.5839603035209,-0.5150380749100539
572,327184,1001.7482517482516,657.3595802111757,-0.5299192642332053
573,328329,1001.7452006980802,906.7560443883089,-0.5446390350150265
574,329476,1001.7421602787457,275.2156137453613,-0.5591929034707468
575,330625,1001.7391304347827,181.23561601322123,-0.5735764363510467
576,331776,1001.7361111111112,359.36338470207494,-0.5877852522924728
577,332929,1001.7331022530329,596.6976722612094,-0.6018150231520485
578,334084,1001.7301038062283,914.8204413759181,-0.6156614753256576
579,335241,1001.7271157167531,340.2382828509053,-0.6293203910498374
580,336400,1001.7241379310344,945.0106633387645,-0.6427876096865398
581,337561,1001.7211703958693,477.42656366809956,-0.6560590289905069
582,338724,1001.7182130584192,948.1442136614244,-0.6691306063588583
583,339889,1001.7152658662092,978.9237499867186,-0.6819983600624978
584,341056,1001.7123287671233,768.2176691970601,-0.6946583704589971
585,342225,1001.7094017094017,723.0307748935617,-0.7071067811865479
586,343396,1001.7064846416381,960.5593085462729,-0.7193398003386507
587,344569,1001.7035775127767,609.1017680532095,-0.7313537016191706
588,345744,1001.7006802721089,773.4981670420716,-0.7431448254773936
589,346921,1001.6977928692698,822.6760351229108,-0.7547095802227718
590,348100,1001.6949152542373,666.257453723409,-0.7660444431189782
591,349281,1001.6920473773265,158.2801963978807,-0.7771459614569705
592,350464,1001.6891891891893,459.84813878190664,-0.7880107536067219
593,351649,1001.6863406408094,11.91467086453024,-0.7986355100472933
594,352836,1001.6835016835017,125.35003231901753,-0.8090169943749472
595,354025,1001.6806722689075,999.4006736803885,-0.8191520442889919
596,355216,1001.6778523489933,95.47991532670052,-0.8290375725550413
597,356409,1001.675041876047,470.1524718971909,-0.8386705679454239
598,357604,1001.6722408026757,764.1340761800001,-0.8480480961564263
599,358801,1001.669449081803,314.33133416970213,-0.857167300702112
600,360000,1001.6666666666667,908.547910252154,-0.8660254037844387
601,361201,1001.6638935108153,751.2469722652733,-0.8746197071393954
602,362404,1001.6611295681064,458.22260514376114,-0.8829475928589269
603,363609,1001.6583747927033,805.9182550750846,-0.8910065241883681
604,364816,1001.6556291390727,870.1083286600149,-0.8987940462991667
605,366025,1001.6528925619834,421.6509265290831,-0.90630778703665
606,367236,1001.6501650165018,609.0642896267343,-0.9135454576426005
607,368449,1001.6474464579901,860.913567176186,-0.9205048534524402
608,369664,1001.6447368421053,964.956743902729,-0.9271838545667875
609,370881,1001.6420361247948,918.0760079641516,-0.9335804264972015
610,372100,1001.639344262295,129.57146317151847,-0.9396926207859084
611,373321,1001.6366612111294,628.7978096361797,-0.9455185755993171
612,374544,1001.6339869281046,54.87487245956568,-0.9510565162951534
613,375769,1001.6313213703098,207.08048993595062,-0.9563047559630355
614,376996,1001.628664495114,741.934609815583,-0.9612616959383187
615,378225,1001.6260162601627,318.0469045580582,-0.9659258262890682
616,379456,1001.6233766233767,418.937700881156,-0.9702957262759966
617,380689,1001.6207455429497,934.0105024418582,-0.9743700647852351
618,381924,1001.6181229773462,792.9481207167934,-0.9781476007338057
619,383161,1001.6155088852989,211.75360869127425,-0.9816271834476638
620,384400,1001.6129032258066,287.36614912420066,-0.984807753012208
621,385641,1001.610305958132,161.25421327630718,-0.9876883405951378
622,386884,1001.6077170418007,911.8803262623966,-0.9902680687415703
623,388129,1001.6051364365973,236.497321701028,-0.9925461516413221
624,389376,1001.6025641025641,78.9892158632971,-0.9945218953682732
625,390625,1001.6,163.40206832903615,-0.9961946980917455
626,391876,1001.5974440894569,838.6731311255606,-0.9975640502598243
627,393129,1001.5948963317385,13.721183051684239,-0.9986295347545738
628,394384,1001.5923566878981,886.024475924395,-0.9993908270190958
629,395641,1001.5898251192368,779.8382635115403,-0.9998476951563913
630,396900,1001.5873015873016,474.0844299832964,-1.0
631,398161,1001.5847860538827,945.990915956097,-0.9998476951563913
632,399424,1001.5822784810126,876.3653847129666,-0.9993908270190958
633,400689,1001.5797788309637,569.868479610937,-0.9986295347545738
634,401956,1001.5772870662461,847.6671977144289,-0.9975640502598242
635,403225,1001.5748031496064,733.6222424372676,-0.9961946980917455
636,404496,1001.5723270440251,822.4066892493205,-0.9945218953682733
637,405769,1001.5698587127157,634.5876802049245,-0.9925461516413221
638,407044,1001.5673981191222,163.38406966320895,-0.9902680687415704
639,408321,1001.5649452269171,652.9648493615136,-0.9876883405951377
640,409600,1001.5624999999999,682.7614428502552,-0.9848077530122081
641,410881,1001.5600624024961,180.83303791822115,-0.981627183447664
642,412164,1001.5576323987539,714.7242754361627,-0.9781476007338058
643,413449,1001.5552099533438,528.0592264520532,-0.9743700647852354
644,414736,1001.5527950310559,632.8548541398915,-0.9702957262759964
645,416025,1001.5503875968992,50.504758789828294,-0.9659258262890684
646,417316,1001.5479876160991,603.39119502206,-0.9612616959383189
647,418609,1001.5455950540959,741.4733002264352,-0.9563047559630353
648,419904,1001.5432098765431,393.1275985703966,-0.9510565162951538
649,421201,1001.5408320493067,729.5726775020977,-0.9455185755993167
650,422500,1001.5384615384614,347.7516971070054,-0.9396926207859086
651,423801,1001.5360983102919,746.9405086955401,-0.9335804264972019
652,425104,1001.5337423312884,85.40537282718452,-0.9271838545667872
653,426409,1001.5313935681469,116.52890874797973,-0.9205048534524405
654,427716,1001.5290519877675,536.1088610739157,-0.9135454576426009
655,429025,1001.526717557252,400.2410140033391,-0.9063077870366504
656,430336,1001.5243902439024,13.845340357794056,-0.8987940462991671
657,431649,1001.5220700152207,314.8922280586357,-0.8910065241883677
658,432964,1001.5197568389058,39.88020311543572,-0.8829475928589272
659,434281,1001.5174506828528,421.5055350348405,-0.8746197071393957
660,435600,1001.5151515151515,608.7294478667417,-0.8660254037844392
661,436921,1001.5128593040847,104.21743639450266,-0.8571673007021124
662,438244,1001.5105740181269,468.869295850578,-0.8480480961564258
663,439569,1001.5082956259427,471.34167192205723,-0.8386705679454244
664,440896,1001.5060240963855,51.58940143126678,-0.8290375725550417
665,442225,1001.5037593984963,965.7521590276784,-0.8191520442889915
666,443556,1001.5015015015014,734.1344267998844,-0.8090169943749477
667,444889,1001.4992503748126,978.1697659527879,-0.7986355100472927
668,446224,1001.497005988024,879.0627594623472,-0.7880107536067225
669,447561,1001.4947683109119,514.8027415485291,-0.777145961456971
670,448900,1001.4925373134329,498.49460944767696,-0.7660444431189777
671,450241,1001.4903129657229,776.8043008162992,-0.7547095802227723
672,451584,1001.4880952380953,104.83496163161932,-0.7431448254773941
673,452929,1001.4858841010401,632.2123974625212,-0.7313537016191711
674,454276,1001.4836795252227,513.9302462984443,-0.7193398003386513
675,455625,1001.4814814814814,660.9167368689738,-0.7071067811865472
676,456976,1001.4792899408285,471.78970040237465,-0.6946583704589978
677,458329,1001.4771048744462,340.28140273375675,-0.6819983600624985
678,459684,1001.4749262536873,96.96281342731051,-0.669130606358859
679,461041,1001.4727540500736,276.7834566835391,-0.6560590289905076
680,462400,1001.4705882352941,343.9147218801404,-0.642787609686539
681,463761,1001.4684287812041,361.16990216169796,-0.6293203910498381
682,465124,1001.4662756598241,723.5423889758783,-0.6156614753256583
683,466489,1001.4641288433381,729.7185604343271,-0.6018150231520478
684,467856,1001.4619883040937,43.39923676704582,-0.5877852522924735
685,469225,1001.4598540145985,970.0634928249136,-0.5735764363510459
686,470596,1001.4577259475219,750.2854188492265,-0.5591929034707476
687,471969,1001.4556040756914,271.5523256282045,-0.5446390350150272
688,473344,1001.4534883720929,987.9199530921305,-0.5299192642332046
689,474721,1001.4513788098693,255.61604493897673,-0.5150380749100547
690,476100,1001.4492753623188,212.67555784868352,-0.4999999999999999
691,477481,1001.4471780028944,142.58760552185268,-0.4848096202463379
692,478864,1001.4450867052022,434.01726741598935,-0.46947156278589103
693,480249,1001.4430014430013,875.0046474363071,-0.4539904997395464
694,481636,1001.4409221902016,631.1345215825027,-0.438371146789078
695,483025,1001.4388489208632,234.6024881581632,-0.42261826174069944
696,484416,1001.4367816091954,511.5997750108199,-0.4067366430758012
697,485809,1001.4347202295553,746.8613983093837,-0.3907311284892741
698,487204,1001.4326647564471,795.584410578928,-0.37460659341591174
699,488601,1001.4306151645206,965.0961982983638,-0.358367949545301
700,490000,1001.4285714285713,334.35190096467346,-0.3420201433256688
701,491401,1001.4265335235377,464.3294500834153,-0.3255681544571561
702,492804,1001.4245014245014,179.31930276822584,-0.3090169943749479
703,494209,1001.4224751066856,268.5420929931461,-0.29237170472273655
704,495616,1001.4204545454546,466.38831180880004,-0.27563735581700005
705,497025,1001.4184397163119,969.7915706199789,-0.25881904510252096
706,498436,1001.4164305949009,923.1254272835017,-0.24192189559966723
707,499849,1001.4144271570013,894.5756116101344,-0.22495105434386556
708,501264,1001.4124293785311,228.92250397479108,-0.20791169081775923
709,502681,1001.410437235543,810.667532410466,-0.19080899537654578
710,504100,1001.4084507042254,110.51987087428384,-0.17364817766693064
711,505521,1001.4064697609002,19.014761968954573,-0.15643446504023048
712,506944,1001.4044943820224,912.975119079895,-0.13917310096006613
713,508369,1001.4025245441795,277.1240582882989,-0.12186934340514748
714,509796,1001.4005602240896,61.03416122806582,-0.10452846326765454
715,511225,1001.3986013986014,778.3103883953194,-0.08715574274765855
716,512656,1001.3966480446927,889.7720994829866,-0.069756473744125
717,514089,1001.39470013947,401.1425084821194,-0.05233595624294462
718,515524,1001.3927576601671,455.0346045465989,-0.034899496702501066
719,516961,1001.3908205841446,533.3584512033286,-0.017452406437282915
720,518400,1001.3888888888889,887.0558041640036,-4.898587196589413e-16
721,519841,1001.3869625520111,202.97132962744246,0.017452406437283713
722,521284,1001.3850415512467,875.0612400428851,0.03489949670250009
723,522729,1001.3831258644536,528.241208481657,0.05233595624294364
724,524176,1001.3812154696134,157.17649616293605,0.06975647374412579
725,525625,1001.3793103448277,319.994492171235,0.08715574274765758
726,527076,1001.3774104683196,416.9177876750189,0.10452846326765357
727,528529,1001.3755158184318,906.3699469992496,0.1218693434051465
728,529984,1001.3736263736264,154.75272239204628,0.13917310096006516
729,531441,1001.3717421124828,621.361676813076,0.15643446504023126
730,532900,1001.3698630136987,299.0705463574196,0.17364817766692967
731,534361,1001.3679890560876,100.32367507020545,0.1908089953765448
732,535824,1001.3661202185793,95.46553738799146,0.20791169081775826
733,537289,1001.3642564802183,741.6398609616788,0.22495105434386461
734,538756,1001.3623978201636,694.1963407919758,0.241921895599668
735,540225,1001.3605442176872,627.2412088237788,0.25881904510252
736,541696,1001.3586956521739,536.4099140615973,0.2756373558169991
737,543169,1001.3568521031209,801.9290854587421,0.29237170472273727
738,544644,1001.3550135501355,533.2985319027994,0.30901699437494695
739,546121,1001.3531799729365,386.9138227034482,0.32556815445715687
740,547600,1001.3513513513515,578.4195638606197,0.3420201433256679
741,549081,1001.349527665317,915.4535818361389,0.3583679495453001
742,550564,1001.3477088948788,934.9261218403052,0.37460659341591246
743,552049,1001.3458950201883,495.6591299098542,0.3907311284892732
744,553536,1001.3440860215055,54.08768486326665,0.40673664307580026
745,555025,1001.3422818791946,208.35835204117447,0.42261826174069855
746,556516,1001.3404825737264,515.8256043450559,0.4383711467890771
747,558009,1001.338688085676,283.9750794542547,0.45399049973954714
748,559504,1001.3368983957218,538.5413399343963,0.46947156278589014
749,561001,1001.3351134846462,493.2459507160107,0.484809620246337
750,562500,1001.3333333333334,117.83440969152647,0.49999999999999906
751,564001,1001.3315579227698,394.8501083083147,0.5150380749100538
752,565504,1001.3297872340426,780.7692093458643,0.5299192642332052
753,567009,1001.32802124834,740.1706660758705,0.5446390350150264
754,568516,1001.3262599469497,66.7963808272113,0.5591929034707467
755,570025,1001.3245033112584,625.0376895077212,0.5735764363510466
756,571536,1001.3227513227514,332.6430689261696,0.5877852522924727
757,573049,1001.3210039630118,686.1956233500508,0.6018150231520484
758,574564,1001.3192612137203,729.5454613702782,0.6156614753256575
759,576081,1001.3175230566536,42.34751158688121,0.6293203910498373
760,577600,1001.3157894736842,118.92077807463086,0.6427876096865397
761,579121,1001.3140604467806,604.053830449055,0.6560590289905068
762,580644,1001.3123359580052,800.0650794976689,0.6691306063588582
763,582169,1001.3106159895151,110.01351823657845,0.6819983600624978
764,583696,1001.3089005235603,523.978739783935,0.694658370458997
765,585225,1001.3071895424837,312.55303447034146,0.7071067811865478
766,586756,1001.3054830287207,659.7453394193935,0.7193398003386506
767,588289,1001.303780964798,433.3365033590435,0.7313537016191705
768,589824,1001.3020833333333,887.4312413608571,0.7431448254773947
769,591361,1001.3003901170352,879.6347085263262,0.7547095802227717
770,592900,1001.2987012987013,54.39213823575317,0.7660444431189782
771,594441,1001.2970168612192,405.06647102384875,0.7771459614569703
772,595984,1001.2953367875648,26.542255361054814,0.7880107536067219
773,597529,1001.293661060802,621.7292170986635,0.7986355100472932
774,599076,1001.2919896640826,161.98308662551398,0.8090169943749471
775,600625,1001.2903225806451,752.8900516845202,0.8191520442889919
776,602176,1001.2886597938144,758.0345061510566,0.8290375725550412
777,603729,1001.2870012870012,848.343006907005,0.8386705679454239
778,605284,1001.2853470437018,23.878078501208712,0.8480480961564262
779,606841,1001.2836970474967,634.0634260452591,0.857167300702112
780,608400,1001.2820512820513,870.768593505862,0.8660254037844387
781,609961,1001.2804097311139,836.6923728667072,0.8746197071393953
782,611524,1001.2787723785166,846.0327829990692,0.8829475928589268
783,613089,1001.2771392081736,130.2932919826637,0.891006524188368
784,614656,1001.2755102040816,897.1922972064614,0.8987940462991667
785,616225,1001.2738853503184,322.2412629315573,0.9063077870366499
786,617796,1001.2722646310432,775.5239443348418,0.9135454576426012
787,619369,1001.2706480304956,480.5235513221523,0.9205048534524402
788,620944,1001.269035532995,112.72004801145886,0.9271838545667875
789,622521,1001.2674271229405,193.85607983814745,0.9335804264972014
790,624100,1001.2658227848101,989.7367230012729,0.9396926207859083
791,625681,1001.2642225031605,515.0668849082055,0.945518575599317
792,627264,1001.2626262626263,292.68718717486354,0.9510565162951534
793,628849,1001.2610340479193,142.51364534117428,0.9563047559630355
794,630436,1001.2594458438286,190.43837944686882,0.9612616959383186
795,632025,1001.2578616352201,18.26968165273779,0.9659258262890682
796,633616,1001.2562814070352,274.24279831058493,0.9702957262759966
797,635209,1001.254705144291,19.184922424874685,0.9743700647852351
798,636804,1001.2531328320802,821.5383563951494,0.9781476007338057
799,638401,1001.2515644555696,829.6079354726003,0.9816271834476638
800,640000,1001.25,503.12887637222383,0.984807753012208
801,641601,1001.2484394506866,814.5158822886208,0.9876883405951378
802,643204,1001.2468827930174,279.57011355038173,0.9902680687415703
803,644809,1001.2453300124533,883.0485746622292,0.992546151641322
804,646416,1001.2437810945274,519.3116039172634,0.9945218953682734
805,648025,1001.2422360248447,149.13209582419296,0.9961946980917455
806,649636,1001.240694789082,315.88401248702826,0.9975640502598243
807,651249,1001.2391573729864,459.97470348133265,0.9986295347545738
808,652864,1001.2376237623761,13.836123881840523,0.9993908270190958
809,654481,1001.2360939431397,877.6482788509436,0.9998476951563913
810,656100,1001.2345679012346,247.4227832038717,1.0
811,657721,1001.2330456226881,760.4155973401106,0.9998476951563913
812,659344,1001.2315270935961,670.007547826814,0.9993908270190958
813,660969,1001.230012300123,383.7316340408102,0.9986295347545738
814,662596,1001.2285012285012,773.8685655921505,0.9975640502598242
815,664225,1001.2269938650306,807.1539262654495,0.9961946980917455
816,665856,1001.2254901960785,781.6869573823715,0.9945218953682733
817,667489,1001.2239902080784,688.9322264780826,0.9925461516413222
818,669124,1001.2224938875305,986.0661023922859,0.9902680687415704
819,670761,1001.2210012210012,656.8684562196744,0.9876883405951377
820,672400,1001.219512195122,552.4453715481347,0.9848077530122082
821,674041,1001.2180267965896,619.0144463880428,0.981627183447664
822,675684,1001.2165450121655,188.57376953571568,0.9781476007338055
823,677329,1001.2150668286756,748.7194351892814,0.9743700647852354
824,678976,1001.2135922330096,542.3043961464333,0.9702957262759964
825,680625,1001.2121212121212,197.26258163218634,0.9659258262890685
826,682276,1001.2106537530266,657.1700403144262,0.9612616959383189
827,683929,1001.2091898428052,186.18644678592088,0.9563047559630353
828,685584,1001.207729468599,505.2382069956943,0.9510565162951538
829,687241,1001.2062726176116,164.68369775628167,0.9455185755993167
830,688900,1001.2048192771084,993.9659511490333,0.9396926207859088
831,690561,1001.2033694344165,756.7802447218497,0.9335804264972019
832,692224,1001.2019230769231,561.4605339934176,0.9271838545667872
833,693889,1001.2004801920768,518.6387887888981,0.9205048534524406
834,695556,1001.1990407673861,708.2496657860363,0.9135454576426009
835,697225,1001.1976047904192,910.3866694940123,0.9063077870366504
836,698896,1001.1961722488038,178.4009561589589,0.8987940462991671
837,700569,1001.194743130227,998.4965725382567,0.8910065241883677
838,702244,1001.1933174224343,68.24977623870309,0.8829475928589273
839,703921,1001.1918951132302,883.7973297116366,0.8746197071393959
840,705600,1001.1904761904761,993.2890203815829,0.8660254037844384
841,707281,1001.1890606420928,427.31225695148964,0.8571673007021126
842,708964,1001.1876484560569,792.0190386317951,0.8480480961564258
843,710649,1001.1862396204034,794.2343855442488,0.8386705679454245
844,712336,1001.1848341232228,446.1800663062559,0.8290375725550418
845,714025,1001.1834319526627,32.32249797131204,0.8191520442889915
846,715716,1001.1820330969267,884.4626579178237,0.8090169943749478
847,717409,1001.180637544274,415.58105199810666,0.7986355100472928
848,719104,1001.1792452830189,501.0513691600924,0.7880107536067226
849,720801,1001.1778563015312,183.73668936111076,0.777145961456971
850,722500,1001.1764705882354,71.92173936130864,0.7660444431189778
851,724201,1001.17508813161,383.6578391579661,0.7547095802227725
852,725904,1001.1737089201878,740.442143201003,0.7431448254773942
853,727609,1001.1723329425557,899.7042000652832,0.7313537016191712
854,729316,1001.1709601873536,139.5775912224313,0.7193398003386514
855,731025,1001.1695906432749,157.12153446610134,0.7071067811865474
856,732736,1001.1682242990654,909.805113625193,0.6946583704589978
857,734449,1001.1668611435239,215.90508887038962,0.6819983600624986
858,736164,1001.1655011655012,847.1124810504976,0.6691306063588578
859,737881,1001.1641443538999,917.1003950764449,0.6560590289905076
860,739600,1001.1627906976744,962.2118569021646,0.6427876096865391
861,741321,1001.1614401858304,0.5840962900697244,0.6293203910498382
862,743044,1001.1600928074247,551.3322895140005,0.6156614753256584
863,744769,1001.1587485515643,863.0733867629793,0.6018150231520479
864,746496,1001.1574074074074,715.3820477041961,0.5877852522924736
865,748225,1001.1560693641619,232.814361569326,0.573576436351046
866,749956,1001.1547344110854,386.1054457599515,0.5591929034707477
867,751689,1001.1534025374855,157.86961517942356,0.5446390350150273
868,753424,1001.1520737327189,678.8478575648043,0.5299192642332046
869,755161,1001.1507479861909,138.61489154504025,0.5150380749100548
870,756900,1001.1494252873563,895.804342613269,0.5
871,758641,1001.1481056257177,736.8331668154759,0.484809620246338
872,760384,1001.1467889908256,850.187481920353,0.46947156278589114
873,762129,1001.1454753722795,470.00451138810763,0.4539904997395465
874,763876,1001.1441647597254,772.6444860753006,0.4383711467890781
875,765625,1001.1428571428571,736.2368940950482,0.42261826174069955
876,767376,1001.1415525114155,519.6600191599579,0.40673664307579965
877,769129,1001.1402508551881,572.1898627668583,0.3907311284892742
878,770884,1001.1389521640091,146.50276014605257,0.37460659341591185
879,772641,1001.1376564277588,570.2079474756118,0.3583679495453011
880,774400,1001.1363636363637,892.6089510639234,0.34202014332566893
881,776161,1001.1350737797957,146.38087592368865,0.3255681544571562
882,777924,1001.1337868480725,889.2798571798829,0.309016994374948
883,779689,1001.1325028312569,851.5664377778711,0.29237170472273666
884,781456,1001.131221719457,87.45203032274196,0.27563735581700016
885,783225,1001.129943502825,767.6059547893493,0.2588190451025211
886,784996,1001.1286681715577,211.46066430537158,0.24192189559966734
887,786769,1001.1273957158963,149.9825184775646,0.22495105434386567
888,788544,1001.1261261261262,93.1634635770181,0.20791169081775934
889,790321,1001.1248593925759,637.6361855824981,0.1908089953765459
890,792100,1001.1235955056179,212.2316137647545,0.17364817766693075
891,793881,1001.1223344556679,944.7498687062381,0.1564344650402306
892,795664,1001.1210762331839,426.74281510547576,0.13917310096006624
893,797449,1001.1198208286673,215.78946184019244,0.1218693434051476
894,799236,1001.1185682326623,435.51584799463194,0.1045284632676529
895,801025,1001.1173184357542,895.5975898869972,0.08715574274765868
896,802816,1001.1160714285714,912.985342140005,0.06975647374412512
897,804609,1001.1148272017838,528.6961997949354,0.05233595624294474
898,806404,1001.1135857461024,374.0640123090541,0.034899496702501184
899,808201,1001.1123470522803,698.4421422864967,0.01745240643728304
900,810000,1001.1111111111111,947.2155005126642,6.123233995736766e-16
901,811801,1001.1098779134295,787.6445100636504,-0.01745240643728359
902,813604,1001.108647450111,297.211077236902,-0.03489949670249996
903,815409,1001.1074197120709,456.35142277137606,-0.052335956242943515
904,817216,1001.1061946902655,898.7796376174285,-0.06975647374412568
905,819025,1001.1049723756906,56.55654013865241,-0.08715574274765746
906,820836,1001.1037527593818,434.4444261851295,-0.10452846326765344
907,822649,1001.1025358324146,344.6016711425763,-0.12186934340514638
908,824464,1001.1013215859031,55.8771232324401,-0.13917310096006502
909,826281,1001.1001100110011,133.23706454266892,-0.15643446504023115
910,828100,1001.0989010989011,963.8578953784727,-0.17364817766692955
911,829921,1001.0976948408344,498.52950703154863,-0.1908089953765447
912,831744,1001.0964912280702,883.4930139928639,-0.2079116908177599
913,833569,1001.0952902519168,991.9749532933945,-0.22495105434386448
914,835396,1001.0940919037199,707.8452500069061,-0.2419218955996679
915,837225,1001.0928961748633,804.8328171836816,-0.25881904510251985
916,839056,1001.0917030567686,225.8090239246312,-0.27563735581699894
917,840889,1001.0905125408942,703.0475762461394,-0.2923717047227355
918,842724,1001.0893246187364,476.0332442633156,-0.3090169943749485
919,844561,1001.088139281828,482.03535419710363,-0.32556815445715676
920,846400,1001.086956521739,4.646528577705866,-0.34202014332566777
921,848241,1001.085776330076,645.7016231419402,-0.3583679495453016
922,850084,1001.0845986984815,761.5375510002797,-0.37460659341591235
923,851929,1001.0834236186348,525.0098046678008,-0.3907311284892731
924,853776,1001.082251082251,320.3247060992582,-0.40673664307579854
925,855625,1001.081081081081,207.7929619611225,-0.42261826174070005
926,857476,1001.0799136069115,274.1046762491379,-0.438371146789077
927,859329,1001.0787486515642,147.96606373029485,-0.4539904997395454
928,861184,1001.0775862068966,233.47694539417841,-0.46947156278589164
929,863041,1001.0764262648008,690.964769058754,-0.4848096202463369
930,864900,1001.0752688172042,473.51572662509625,-0.49999999999999895
931,866761,1001.0741138560688,761.4489233805944,-0.5150380749100553
932,868624,1001.0729613733906,575.9780193935023,-0.5299192642332051
933,870489,1001.0718113612005,968.0589785046919,-0.5446390350150263
934,872356,1001.0706638115631,344.1698703116488,-0.5591929034707451
935,874225,1001.0695187165775,726.4864311495128,-0.5735764363510465
936,876096,1001.0683760683761,651.0839351768775,-0.5877852522924726
937,877969,1001.0672358591248,917.2714184942715,-0.6018150231520469
938,879844,1001.0660980810235,0.3727483784659036,-0.6156614753256588
939,881721,1001.0649627263047,374.29354778886113,-0.6293203910498372
940,883600,1001.0638297872341,44.39578960555257,-0.6427876096865383
941,885481,1001.0626992561105,931.9474623893528,-0.656059028990508
942,887364,1001.0615711252655,141.79796476546323,-0.6691306063588581
943,889249,1001.0604453870626,953.2876489346911,-0.6819983600624977
944,891136,1001.0593220338984,667.5977364952664,-0.6946583704589983
945,893025,1001.058201058201,253.48718733525877,-0.7071067811865477
946,894916,1001.0570824524312,477.1398600524912,-0.7193398003386505
947,896809,1001.0559662090812,7.798074799053478,-0.7313537016191691
948,898704,1001.0548523206751,523.3692522573554,-0.7431448254773946
949,900601,1001.0537407797682,515.9272263215302,-0.7547095802227717
950,902500,1001.0526315789474,418.5940558850891,-0.766044443118977
951,904401,1001.0515247108307,244.80556175340828,-0.7771459614569715
952,906304,1001.0504201680673,931.2876317683705,-0.7880107536067218
953,908209,1001.0493179433369,341.73487908717993,-0.798635510047292
954,910116,1001.0482180293501,130.7224803460758,-0.8090169943749481
955,912025,1001.0471204188483,162.31760567920296,-0.8191520442889918
956,913936,1001.0460251046024,681.6177909505568,-0.8290375725550411
957,915849,1001.0449320794148,790.5732889950104,-0.8386705679454248
958,917764,1001.0438413361169,99.82547421597742,-0.8480480961564262
959,919681,1001.0427528675705,295.7688205287387,-0.8571673007021119
960,921600,1001.0416666666666,131.9068959409183,-0.8660254037844377
961,923521,1001.0405827263266,826.8833428550759,-0.8746197071393961
962,925444,1001.039501039501,181.969104979946,-0.8829475928589268
963,927369,1001.0384215991692,381.94736933957665,-0.8910065241883671
964,929296,1001.0373443983402,61.42255537546792,-0.8987940462991674
965,931225,1001.0362694300519,93.85665435053924,-0.9063077870366499
966,933156,1001.0351966873706,688.9477295750322,-0.9135454576426004
967,935089,1001.034126163392,618.5524377613175,-0.9205048534524408
968,937024,1001.0330578512396,942.157363217654,-0.9271838545667874
969,938961,1001.031991744066,906.970822450953,-0.9335804264972014
970,940900,1001.0309278350516,295.4489294198748,-0.9396926207859077
971,942841,1001.0298661174046,610.0321911620666,-0.945518575599317
972,944784,1001.0288065843622,656.3065394616613,-0.9510565162951534
973,946729,1001.0277492291881,176.913924812404,-0.956304755963035
974,948676,1001.0266940451746,455.6925263035294,-0.961261695938319
975,950625,1001.0256410256411,836.283065943564,-0.9659258262890682
976,952576,1001.0245901639345,736.0987795917628,-0.9702957262759961
977,954529,1001.0235414534287,422.6893381723111,-0.9743700647852355
978,956484,1001.0224948875255,314.7299287046963,-0.9781476007338056
979,958441,1001.0214504596527,187.10757993533576,-0.9816271834476638
980,960400,1001.0204081632652,130.93573757262254,-0.9848077530122082
981,962361,1001.0193679918451,85.57873068792277,-0.9876883405951378
982,964324,1001.0183299389001,692.0176880497717,-0.9902680687415701
983,966289,1001.0172939979653,634.1842779361756,-0.9925461516413218
984,968256,1001.0162601626016,462.9383927986055,-0.9945218953682734
985,970225,1001.015228426396,958.357329961524,-0.9961946980917454
986,972196,1001.0141987829614,823.429205230129,-0.9975640502598241
987,974169,1001.0131712259372,217.1871599438304,-0.9986295347545739
988,976144,1001.0121457489878,223.88671861781006,-0.9993908270190958
989,978121,1001.0111223458038,459.57504490832434,-0.9998476951563913
990,980100,1001.0101010101009,62.11370226350299,-1.0
991,982081,1001.0090817356205,93.1765107895789,-0.9998476951563913
992,984064,1001.008064516129,641.5907715198503,-0.9993908270190958
993,986049,1001.007049345418,979.1097741734721,-0.9986295347545738
994,988036,1001.0060362173039,405.81131820169037,-0.9975640502598242
995,990025,1001.0050251256282,427.10139972051485,-0.9961946980917455
996,992016,1001.004016064257,501.94931317053147,-0.9945218953682735
997,994009,1001.0030090270811,933.2940049547735,-0.992546151641322
998,996004,1001.0020040080161,585.5212794593534,-0.9902680687415704
999,998001,1001.0010010010011,450.1001196628317,-0.987688340595138
1000,1000000,1000.9999999999999,457.17851874279694,-0.9848077530122079
